date;n1;n2;n3;n4;n5;n6;Joker;Superstar
22.02.2026;14;16;30;42;46;55;;
19.02.2026;6;8;43;49;58;60;;
17.02.2026;2;14;31;38;47;54;;
15.02.2026;9;16;31;34;40;58;;
12.02.2026;3;5;10;22;23;52;;
10.02.2026;9;29;36;46;47;52;;
8.02.2026;8;18;21;29;36;38;;
5.02.2026;14;24;34;42;51;60;;
3.02.2026;21;33;43;47;55;59;;
1.02.2026;7;17;21;25;32;52;;
29.01.2026;1;4;7;8;11;41;;
27.01.2026;1;7;16;34;38;42;;
25.01.2026;12;20;23;38;49;50;;
22.01.2026;1;2;36;42;49;55;;
20.01.2026;6;26;32;43;48;54;;
18.01.2026;9;24;25;33;44;52;;
15.01.2026;1;22;27;41;44;46;;
13.01.2026;7;19;23;32;48;55;;
11.01.2026;3;8;10;12;32;42;;
8.01.2026;3;7;12;22;23;55;;
6.01.2026;6;9;25;29;45;57;;
4.01.2026;20;21;23;26;32;37;;
1.01.2026;34;36;39;45;53;55;;
30.12.2025;6;34;35;36;56;57;;
28.12.2025;6;31;35;41;44;46;;
25.12.2025;2;7;19;21;23;59;;
23.12.2025;13;20;33;35;40;48;;
21.12.2025;9;11;12;21;32;34;;
18.12.2025;4;7;31;35;40;52;;
16.12.2025;5;9;32;35;55;56;;
14.12.2025;2;9;27;30;36;55;;
11.12.2025;1;8;29;39;41;50;;
9.12.2025;17;28;32;36;38;51;;
1.12.2025;19;33;37;39;56;57;;
4.12.2025;9;11;18;35;49;50;;
2.12.2025;2;9;16;19;29;52;;
30.11.2025;9;12;22;34;43;56;;
27.11.2025;5;7;8;28;47;58;;
25.11.2025;2;15;28;39;48;50;;
25.11.2025;12;19;41;51;54;59;;
20.11.2025;2;27;34;37;48;60;;
18.11.2025;1;9;16;30;45;54;;
16.11.2025;6;9;16;20;26;46;;
13.11.2025;9;13;18;25;29;58;;
11.11.2025;7;12;14;15;17;40;;
9.11.2025;18;26;34;48;49;56;;
6.11.2025;2;16;20;31;39;55;;
4.11.2025;10;11;26;46;54;60;;
2.11.2025;15;17;20;39;44;47;;
30.10.2025;1;6;35;54;56;59;;
28.10.2025;10;22;39;41;48;49;;
26.10.2025;18;22;26;44;53;55;;
23.10.2025;14;23;36;45;47;48;;
21.10.2025;2;3;11;25;51;52;;
19.10.2025;13;20;32;35;37;41;;
16.10.2025;1;20;22;39;52;57;;
14.10.2025;3;23;28;39;44;57;;
12.10.2025;2;33;41;54;58;60;;
9.10.2025;4;8;15;30;43;47;;
7.10.2025;1;8;16;20;22;41;;
5.10.2025;1;3;9;25;37;44;;
2.10.2025;2;14;21;25;42;60;;
30.09.2025;15;19;23;25;38;53;;
28.09.2025;10;14;31;35;55;57;;
25.09.2025;1;7;10;26;33;35;;
23.09.2025;1;9;19;34;39;50;;
21.09.2025;4;5;23;42;48;51;;
18.09.2025;2;5;42;55;56;58;;
16.09.2025;23;24;31;35;43;59;;
14.09.2025;5;38;40;50;56;60;;
11.09.2025;5;6;8;20;23;43;;
9.09.2025;28;48;57;58;59;60;;
7.09.2025;11;22;34;43;53;59;;
4.09.2025;15;23;24;25;47;57;;
2.09.2025;25;27;30;31;44;45;;
31.08.2025;2;27;32;42;46;57;;
28.08.2025;3;8;17;53;55;56;;
26.08.2025;6;23;26;43;59;60;;
24.08.2025;12;19;27;40;49;57;;
21.08.2025;9;10;11;15;50;52;;
19.08.2025;25;29;31;34;37;52;;
17.08.2025;7;10;23;41;52;57;;
14.08.2025;4;7;30;39;44;58;;
12.08.2025;8;17;18;39;52;59;;
10.08.2025;2;30;36;39;40;49;;
7.08.2025;7;31;35;39;40;44;;
5.08.2025;15;25;34;40;46;47;;
3.08.2025;2;11;13;17;19;60;;
31.07.2025;7;27;41;47;51;60;;
29.07.2025;3;14;19;27;34;57;;
27.07.2025;20;26;28;43;47;56;;
24.07.2025;10;13;15;27;29;46;;
22.07.2025;5;10;11;18;24;46;;
20.07.2025;1;8;14;19;36;60;;
17.07.2025;5;6;9;24;32;54;;
15.07.2025;4;12;26;28;37;43;;
13.07.2025;4;6;7;12;14;32;;
10.07.2025;11;25;26;43;44;57;;
8.07.2025;11;16;17;19;34;36;;
6.07.2025;4;14;23;27;35;57;;
3.07.2025;1;13;22;38;56;57;;
1.07.2025;14;23;39;40;45;49;;
29.06.2025;12;13;17;20;33;45;;
26.06.2025;8;12;27;36;43;53;;
24.06.2025;10;18;27;28;29;30;;
22.06.2025;5;19;20;35;51;52;;
19.06.2025;9;25;29;31;35;46;;
17.06.2025;11;12;21;52;53;54;;
15.06.2025;7;22;31;39;48;56;;
12.06.2025;16;19;25;37;43;57;;
10.06.2025;6;8;23;27;46;60;;
8.06.2025;2;14;34;41;51;57;;
5.06.2025;22;32;37;38;49;50;;
3.06.2025;4;12;23;48;50;51;;
1.06.2025;6;12;20;22;30;47;;
29.05.2025;12;16;24;32;40;55;;
27.05.2025;5;18;19;53;57;58;;
25.05.2025;6;8;12;17;22;58;;
22.05.2025;12;27;31;34;40;55;;
20.05.2025;4;15;28;50;53;59;;
18.05.2025;1;13;25;44;46;60;;
15.05.2025;22;28;33;37;39;52;;
13.05.2025;1;10;15;21;35;55;;
11.05.2025;5;19;33;37;43;47;;
8.05.2025;7;32;45;50;56;58;;
6.05.2025;2;16;25;30;31;47;;
4.05.2025;1;4;18;26;35;44;;
1.05.2025;1;26;34;35;39;45;;
29.04.2025;28;32;35;47;54;58;;
27.04.2025;2;23;29;45;50;59;;
24.04.2025;9;21;33;37;39;56;;
22.04.2025;19;27;34;40;48;54;;
20.04.2025;10;12;32;36;44;58;;
17.04.2025;4;6;7;18;21;38;;
15.04.2025;9;15;37;43;44;57;;
13.04.2025;5;25;26;29;39;47;;
10.04.2025;2;3;19;30;40;55;;
8.04.2025;7;13;15;21;22;24;;
6.04.2025;15;18;28;53;55;60;;
3.04.2025;5;21;24;26;33;57;;
1.04.2025;2;22;26;31;35;50;;
30.03.2025;5;25;31;43;48;56;;
27.03.2025;15;20;22;41;48;51;;
25.03.2025;3;17;20;29;46;50;;
23.03.2025;12;14;18;36;44;50;;
20.03.2025;1;20;28;42;47;49;;
18.03.2025;11;35;43;46;57;60;;
16.03.2025;2;19;44;47;58;59;;
13.03.2025;1;2;3;19;33;39;;
11.03.2025;4;6;8;27;35;43;;
9.03.2025;6;13;24;26;29;38;;
6.03.2025;14;23;24;26;45;47;;
4.03.2025;2;14;36;37;52;59;;
2.03.2025;6;17;31;43;48;55;;
27.02.2025;2;13;43;48;50;53;;
25.02.2025;3;4;36;40;46;58;;
23.02.2025;3;9;15;37;54;58;;
20.02.2025;2;3;7;23;36;43;;
18.02.2025;2;25;37;44;48;54;;
16.02.2025;10;13;18;19;28;30;;
13.02.2025;15;23;42;46;47;48;;
11.02.2025;8;24;33;45;47;51;;
9.02.2025;3;5;17;26;30;49;;
6.02.2025;5;11;32;34;43;53;;
4.02.2025;4;8;10;20;44;57;;
2.02.2025;19;20;24;25;33;53;;
30.01.2025;5;21;23;41;42;58;;
28.01.2025;2;3;4;9;18;19;;
26.01.2025;2;3;4;15;38;51;;
23.01.2025;1;4;8;10;42;55;;
21.01.2025;13;30;39;42;44;46;;
19.01.2025;1;15;18;19;41;52;;
16.01.2025;33;38;46;50;55;58;;
14.01.2025;3;4;11;42;45;56;;
12.01.2025;2;4;19;21;39;53;;
9.01.2025;4;7;11;13;25;48;;
7.01.2025;2;21;26;43;44;55;;
5.01.2025;11;15;20;29;35;56;;
2.01.2025;8;36;38;42;53;56;;
31.12.2024;14;22;33;49;52;57;;
29.12.2024;1;3;4;26;51;58;;
26.12.2024;3;5;15;19;25;41;;
24.12.2024;19;35;48;55;58;59;;
22.12.2024;10;14;33;44;51;54;;
19.12.2024;20;21;26;32;53;58;;
17.12.2024;17;28;29;40;41;55;;
15.12.2024;7;43;44;47;55;60;;
12.12.2024;18;20;21;46;56;58;;
10.12.2024;12;13;20;30;47;54;;
8.12.2024;10;14;22;24;29;60;;
5.12.2024;3;4;13;15;20;35;;
3.12.2024;2;16;25;36;40;51;;
1.12.2024;1;15;23;30;34;39;;
28.11.2024;5;6;26;38;49;53;;
26.11.2024;2;5;6;50;56;59;;
24.11.2024;2;6;11;12;38;45;;
21.11.2024;2;3;6;32;49;53;;
19.11.2024;14;27;30;43;47;58;;
17.11.2024;14;21;36;38;43;50;;
14.11.2024;3;16;17;48;49;57;;
12.11.2024;13;18;22;24;34;60;;
10.11.2024;1;8;10;11;43;57;;
7.11.2024;21;25;26;36;46;54;;
5.11.2024;12;28;39;47;55;56;;
3.11.2024;4;16;31;33;35;45;;
31.10.2024;2;34;35;38;50;55;;
29.10.2024;3;6;7;22;34;57;;
27.10.2024;16;36;37;45;59;60;;
24.10.2024;1;3;15;27;47;52;;
22.10.2024;12;15;18;36;38;56;;
20.10.2024;3;9;10;15;35;38;;
17.10.2024;2;3;8;26;42;46;;
15.10.2024;3;4;14;24;25;47;;
13.10.2024;9;35;36;41;45;50;;
10.10.2024;1;8;30;41;44;46;;
8.10.2024;6;18;19;40;45;56;;
6.10.2024;7;12;22;28;31;39;;
3.10.2024;4;9;26;29;45;49;;
1.10.2024;6;21;29;39;44;57;;
29.09.2024;7;34;41;43;48;49;;
26.09.2024;21;22;30;37;38;60;;
24.09.2024;5;32;40;44;49;60;;
22.09.2024;7;9;18;39;40;50;;
19.09.2024;1;7;37;40;42;59;;
17.09.2024;4;5;16;28;37;60;;
15.09.2024;4;15;17;26;36;53;;
12.09.2024;1;11;19;29;45;52;;
10.09.2024;6;11;31;32;44;58;;
8.09.2024;11;22;33;34;47;56;;
5.09.2024;1;6;21;29;33;42;;
3.09.2024;2;3;29;45;46;53;;
1.09.2024;8;17;25;35;51;53;;
29.08.2024;8;15;30;37;45;51;;
27.08.2024;3;28;34;45;46;58;;
25.08.2024;5;6;8;32;44;50;;
22.08.2024;11;14;30;31;40;52;;
20.08.2024;3;5;7;12;46;48;;
18.08.2024;1;10;20;24;46;54;;
15.08.2024;21;22;41;50;59;60;;
13.08.2024;10;30;36;51;56;58;;
11.08.2024;5;8;22;49;54;57;;
8.08.2024;15;19;26;32;47;55;;
6.08.2024;9;36;38;39;53;56;;
4.08.2024;10;14;33;37;42;46;;
1.08.2024;15;17;25;31;33;58;;
30.07.2024;3;15;20;25;42;51;;
28.07.2024;33;34;37;41;43;58;;
25.07.2024;12;17;21;30;31;32;;
23.07.2024;3;26;32;40;46;53;;
21.07.2024;6;23;32;40;49;51;;
18.07.2024;6;16;22;52;53;55;;
16.07.2024;23;27;28;35;42;45;;
14.07.2024;4;5;6;12;49;50;;
11.07.2024;3;21;28;45;53;55;;
9.07.2024;2;10;16;22;35;55;;
7.07.2024;20;29;49;52;55;58;;
4.07.2024;1;16;27;29;36;45;;
2.07.2024;1;11;13;16;31;44;;
30.06.2024;39;49;52;53;54;56;;
27.06.2024;14;31;33;41;54;57;;
25.06.2024;6;13;17;27;37;49;;
23.06.2024;11;19;28;34;44;56;;
20.06.2024;7;10;44;46;55;60;;
18.06.2024;12;15;18;34;51;54;;
16.06.2024;2;3;6;7;23;52;;
13.06.2024;7;15;17;21;39;53;;
11.06.2024;2;11;16;18;25;54;;
9.06.2024;12;20;31;37;50;56;;
6.06.2024;11;12;26;31;45;51;;
4.06.2024;21;25;27;29;39;51;;
2.06.2024;23;24;28;48;52;55;;
30.05.2024;9;15;22;29;33;39;;
28.05.2024;6;9;38;41;54;59;;
26.05.2024;18;23;24;28;40;59;;
23.05.2024;11;15;26;31;55;56;;
21.05.2024;6;30;33;38;58;59;;
19.05.2024;11;15;24;27;35;44;;
16.05.2024;4;8;27;32;42;49;;
14.05.2024;5;17;27;32;33;41;;
12.05.2024;4;9;24;41;44;55;;
9.05.2024;14;19;33;34;50;59;;
7.05.2024;20;31;37;42;47;55;;
5.05.2024;22;24;26;27;30;59;;
2.05.2024;10;17;34;37;40;52;;
30.04.2024;6;10;21;33;39;50;;
28.04.2024;4;6;9;10;37;43;;
25.04.2024;8;25;31;32;36;42;;
23.04.2024;4;5;22;31;32;42;;
21.04.2024;6;21;24;33;43;52;;
18.04.2024;10;23;37;46;54;57;;
16.04.2024;6;14;17;18;30;45;;
14.04.2024;10;31;38;43;51;56;;
11.04.2024;4;16;19;20;28;34;;
9.04.2024;5;6;18;20;44;48;;
7.04.2024;7;11;20;28;36;37;;
4.04.2024;8;31;35;46;56;59;;
2.04.2024;8;11;18;27;28;40;;
31.03.2024;11;12;28;38;39;54;;
28.03.2024;17;40;46;48;53;54;;
26.03.2024;13;18;22;27;45;48;;
24.03.2024;2;17;27;38;53;59;;
21.03.2024;2;20;29;34;43;52;;
19.03.2024;2;27;35;49;52;53;;
17.03.2024;8;9;24;28;45;49;;
14.03.2024;6;30;31;40;47;60;;
12.03.2024;7;15;22;24;47;50;;
10.03.2024;20;31;32;46;55;58;;
7.03.2024;6;11;17;27;51;54;;
5.03.2024;16;42;43;46;50;55;;
3.03.2024;14;29;33;42;47;52;;
29.02.2024;7;20;37;40;41;46;;
27.02.2024;7;8;34;36;39;40;;
25.02.2024;2;32;40;44;54;58;;
22.02.2024;5;13;23;25;45;46;;
20.02.2024;4;11;30;46;48;54;;
18.02.2024;1;2;21;42;52;58;;
15.02.2024;4;5;20;28;32;41;;
13.02.2024;1;9;11;26;32;44;;
11.02.2024;13;16;19;20;43;51;;
8.02.2024;4;6;35;43;54;60;;
6.02.2024;4;15;31;42;51;60;;
4.02.2024;10;20;31;53;57;59;;
1.02.2024;8;13;35;55;56;58;;
30.01.2024;2;13;14;20;57;58;;
28.01.2024;10;27;33;49;52;53;;
25.01.2024;32;40;41;46;55;56;;
23.01.2024;15;42;43;50;56;60;;
21.01.2024;4;11;19;26;39;57;;
18.01.2024;6;14;39;40;45;59;;
16.01.2024;7;9;22;27;37;55;;
14.01.2024;20;27;28;31;34;50;;
11.01.2024;4;19;29;33;36;46;;
9.01.2024;2;4;6;52;54;56;;
7.01.2024;3;11;22;24;54;56;;
4.01.2024;7;32;42;49;53;55;;
2.01.2024;17;31;51;55;58;59;;
30.12.2023;30;32;43;44;58;60;;
28.12.2023;12;16;39;50;55;58;;
26.12.2023;4;7;41;47;50;55;;
24.12.2023;1;10;25;44;55;57;;
21.12.2023;1;19;20;21;49;60;;
19.12.2023;2;23;26;36;39;52;;
17.12.2023;15;26;27;34;55;60;;
14.12.2023;22;24;28;54;58;60;;
12.12.2023;1;3;39;49;54;57;;
10.12.2023;6;13;18;35;44;50;;
7.12.2023;8;14;25;36;47;57;;
5.12.2023;4;15;17;28;34;43;;
3.12.2023;7;8;21;35;43;49;;
30.11.2023;34;40;42;52;57;58;;
28.11.2023;29;41;42;44;45;46;;
26.11.2023;2;22;29;36;45;58;;
23.11.2023;5;7;18;25;39;50;;
21.11.2023;3;12;33;53;57;58;;
19.11.2023;13;21;33;44;46;50;;
16.11.2023;2;9;11;17;38;42;;
14.11.2023;3;17;37;39;48;55;;
12.11.2023;2;7;23;44;50;60;;
9.11.2023;15;25;28;40;53;58;;
7.11.2023;16;24;36;41;45;51;;
5.11.2023;6;13;26;50;55;60;;
2.11.2023;4;29;38;56;58;59;;
31.10.2023;8;12;13;17;41;48;;
29.10.2023;7;12;20;25;48;48;;
26.10.2023;1;31;40;42;45;56;;
24.10.2023;7;10;23;27;46;58;;
22.10.2023;6;7;14;37;49;57;;
19.10.2023;2;9;11;15;35;51;;
17.10.2023;4;7;12;18;23;24;;
15.10.2023;20;22;27;42;46;56;;
12.10.2023;9;22;31;33;49;52;;
10.10.2023;6;20;24;26;27;43;;
8.10.2023;3;6;19;37;48;57;;
5.10.2023;2;3;18;22;30;55;;
3.10.2023;8;11;18;34;51;58;;
1.10.2023;6;11;18;25;45;60;;
28.09.2023;2;7;9;10;17;49;;
26.09.2023;4;5;11;13;40;60;;
24.09.2023;5;9;28;35;44;58;;
21.09.2023;4;6;15;41;49;52;;
19.09.2023;4;8;15;43;47;48;;
17.09.2023;4;19;25;34;35;46;;
14.09.2023;27;29;37;39;43;60;;
12.09.2023;6;16;20;32;43;52;;
10.09.2023;16;32;38;51;55;60;;
7.09.2023;6;11;24;31;36;53;;
5.09.2023;13;17;27;30;44;49;;
3.09.2023;1;21;37;38;40;49;;
31.08.2023;6;10;21;24;53;59;;
29.08.2023;5;7;10;14;15;56;;
27.08.2023;5;6;43;46;54;58;;
24.08.2023;6;12;25;30;38;40;;
22.08.2023;4;5;12;21;39;48;;
20.08.2023;12;18;39;48;54;59;;
17.08.2023;5;10;19;25;33;35;;
15.08.2023;12;21;34;48;49;50;;
13.08.2023;6;10;28;38;40;52;;
10.08.2023;6;14;43;44;45;56;;
8.08.2023;1;2;3;16;21;30;;
6.08.2023;5;6;25;34;55;60;;
3.08.2023;4;10;16;20;40;51;;
1.08.2023;7;9;10;16;21;50;;
30.07.2023;11;17;28;33;40;57;;
27.07.2023;3;11;12;14;26;41;;
25.07.2023;7;17;49;53;54;56;;
23.07.2023;11;13;38;39;42;44;;
20.07.2023;14;23;24;34;37;56;;
18.07.2023;8;19;23;29;30;50;;
16.07.2023;10;33;39;51;54;55;;
13.07.2023;1;17;32;48;52;58;;
11.07.2023;3;17;31;33;44;49;;
9.07.2023;2;22;35;37;42;55;;
6.07.2023;18;32;40;41;42;45;;
4.07.2023;5;6;11;20;58;60;;
2.07.2023;2;7;8;24;28;56;;
29.06.2023;26;33;43;48;56;60;;
27.06.2023;3;4;20;30;35;40;;
25.06.2023;1;8;9;20;26;60;;
22.06.2023;22;25;33;47;53;55;;
20.06.2023;29;34;41;42;56;57;;
18.06.2023;6;8;16;32;34;40;;
15.06.2023;3;4;16;28;51;57;;
13.06.2023;20;29;33;42;44;49;;
11.06.2023;8;16;19;36;51;57;;
8.06.2023;5;6;20;43;53;56;;
6.06.2023;18;19;25;33;42;54;;
4.06.2023;24;27;40;41;44;45;;
1.06.2023;5;7;17;18;19;56;;
30.05.2023;2;6;7;10;31;47;;
28.05.2023;9;24;28;38;41;51;;
25.05.2023;1;17;38;41;52;57;;
13.05.2023;1;19;21;37;41;51;;
21.05.2023;10;29;45;49;56;57;;
18.05.2023;7;17;20;30;35;39;;
16.05.2023;16;22;32;34;47;48;;
14.05.2023;4;7;15;39;56;60;;
11.05.2023;4;9;29;43;47;53;;
9.05.2023;2;14;28;34;58;60;;
7.05.2023;11;14;21;28;54;58;;
4.05.2023;9;30;46;47;51;57;;
2.05.2023;29;34;41;52;53;57;;
30.04.2023;1;8;37;38;41;53;;
27.04.2023;11;15;17;32;33;52;;
25.04.2023;1;5;19;34;43;56;;
23.04.2023;1;8;9;21;22;31;;
20.04.2023;4;11;15;28;29;55;;
18.04.2023;8;30;36;37;57;58;;
16.04.2023;1;23;40;50;53;56;;
13.04.2023;2;6;8;20;57;59;;
11.04.2023;8;10;13;33;36;40;;
9.04.2023;21;24;28;33;34;49;;
6.04.2023;2;18;25;27;48;58;;
4.04.2023;2;6;16;39;40;57;;
2.04.2023;13;21;26;30;54;55;;
30.03.2023;1;25;33;35;53;56;;
28.03.2023;16;25;32;33;38;44;;
26.03.2023;7;9;40;43;49;57;;
23.03.2023;8;11;21;43;45;59;;
21.03.2023;11;17;19;29;45;55;;
19.03.2023;1;6;17;25;32;53;;
16.03.2023;4;5;23;26;40;56;;
14.03.2023;12;19;35;36;55;57;;
12.03.2023;2;31;34;35;45;60;;
9.03.2023;6;16;41;44;57;60;;
7.03.2023;1;7;27;31;37;38;;
5.03.2023;7;9;21;37;52;53;;
2.03.2023;8;38;40;46;49;56;;
28.02.2023;6;10;12;19;35;47;;
26.02.2023;8;19;25;31;38;60;;
23.02.2023;11;16;20;26;45;57;;
21.02.2023;9;15;16;38;45;46;;
19.02.2023;1;18;22;53;56;59;;
16.02.2023;3;17;38;44;45;51;;
14.02.2023;3;6;19;24;40;52;;
12.02.2023;18;23;25;30;46;49;;
9.02.2023;2;28;49;51;56;60;;
7.02.2023;2;9;21;34;43;47;;
5.02.2023;6;28;30;37;38;53;;
2.02.2023;20;21;32;39;46;59;;
31.01.2023;20;34;42;44;47;49;;
29.01.2023;7;9;10;14;35;60;;
26.01.2023;3;5;8;50;52;59;;
24.01.2023;1;6;16;35;56;59;;
22.01.2023;7;8;9;30;31;56;;
19.01.2023;2;27;30;43;46;58;;
17.01.2023;4;25;33;37;41;45;;
15.01.2023;2;12;18;24;43;52;;
12.01.2023;13;15;21;24;32;45;;
10.01.2023;15;24;29;30;44;49;;
8.01.2023;8;10;21;44;51;54;;
5.01.2023;5;15;17;43;48;53;;
3.01.2023;3;4;29;30;45;51;;
1.01.2023;3;18;26;31;41;43;;
29.12.2022;3;5;12;45;48;58;;
27.12.2022;3;6;11;30;45;60;;
25.12.2022;1;8;21;23;31;43;;
22.12.2022;21;37;39;50;58;60;;
20.12.2022;12;18;21;29;51;53;;
18.12.2022;12;18;23;25;35;48;;
15.12.2022;1;3;10;18;45;60;;
13.12.2022;4;21;30;38;49;57;;
11.12.2022;2;6;14;16;42;59;;
8.12.2022;3;26;44;49;54;59;;
6.12.2022;8;24;27;31;42;44;;
4.12.2022;9;21;32;37;46;51;;
1.12.2022;3;5;35;57;58;60;;
29.11.2022;9;24;26;31;50;60;;
27.11.2022;3;12;16;48;49;60;;
24.11.2022;6;10;17;23;54;57;;
22.11.2022;2;32;37;38;50;58;;
20.11.2022;6;17;35;37;43;53;;
17.11.2022;5;22;26;35;43;46;;
15.11.2022;21;24;35;46;52;53;;
13.11.2022;4;9;13;32;33;44;;
10.11.2022;6;17;20;32;35;52;;
8.11.2022;3;8;11;12;39;49;;
6.11.2022;19;25;27;30;37;60;;
3.11.2022;4;7;14;38;49;55;;
1.11.2022;11;16;26;27;33;38;;
30.10.2022;7;9;10;16;25;26;;
27.10.2022;16;21;42;44;47;51;;
25.10.2022;11;33;48;49;50;52;;
23.10.2022;7;14;18;35;40;56;;
20.10.2022;7;16;22;54;55;58;;
18.10.2022;3;9;13;15;34;55;;
16.10.2022;1;10;16;31;45;57;;
13.10.2022;1;9;13;14;32;46;;
11.10.2022;6;11;35;39;40;48;;
9.10.2022;4;8;31;44;48;59;;
6.10.2022;8;14;25;40;55;60;;
4.10.2022;9;12;21;42;46;48;;
2.10.2022;3;9;28;29;43;58;;
29.09.2022;13;17;27;44;45;57;;
27.09.2022;13;14;26;28;36;60;;
25.09.2022;11;13;20;40;44;46;;
22.09.2022;4;10;13;17;30;48;;
20.09.2022;3;4;10;20;34;55;;
18.09.2022;6;18;19;43;50;51;;
15.09.2022;3;17;18;20;26;44;;
13.09.2022;15;21;24;38;50;58;;
11.09.2022;17;24;27;47;48;54;;
8.09.2022;9;22;24;34;38;59;;
6.09.2022;15;19;23;26;45;55;;
4.09.2022;8;16;17;19;25;31;;
1.09.2022;2;28;29;42;46;58;;
30.08.2022;11;27;33;43;47;57;;
28.08.2022;2;10;15;23;27;43;;
25.08.2022;4;10;16;35;42;50;;
23.08.2022;9;11;21;29;34;52;;
21.08.2022;3;24;26;41;52;57;;
18.08.2022;6;9;12;30;38;54;;
16.08.2022;12;17;22;41;45;46;;
14.08.2022;5;12;29;39;43;56;;
11.08.2022;5;13;14;19;20;56;;
9.08.2022;7;39;48;49;57;58;;
7.08.2022;2;19;22;35;41;42;;
4.08.2022;4;16;19;39;54;56;;
2.08.2022;13;20;28;42;49;57;;
31.07.2022;9;19;22;23;42;44;;
28.07.2022;4;8;23;54;57;60;;
26.07.2022;7;29;32;37;44;50;;
24.07.2022;3;5;40;51;56;57;;
21.07.2022;17;19;25;28;48;50;;
19.07.2022;14;21;25;31;34;43;;
17.07.2022;9;15;24;35;36;59;;
14.07.2022;3;20;26;29;31;59;;
12.07.2022;2;18;19;25;42;57;;
10.07.2022;7;26;36;52;54;58;;
7.07.2022;2;7;19;37;49;53;;
5.07.2022;9;19;29;30;50;52;;
3.07.2022;3;19;25;33;45;50;;
30.06.2022;5;19;28;31;35;49;;
28.06.2022;19;36;42;49;54;55;;
26.06.2022;11;17;36;42;47;57;;
23.06.2022;8;12;23;25;38;42;;
21.06.2022;8;9;23;27;52;59;;
19.06.2022;5;7;30;33;50;53;;
16.06.2022;5;7;24;29;52;57;;
14.06.2022;13;14;15;37;38;45;;
12.06.2022;4;14;27;31;48;58;;
9.06.2022;2;5;6;8;47;55;;
7.06.2022;15;20;21;34;42;57;;
5.06.2022;3;14;22;29;40;41;;
2.06.2022;33;35;37;41;46;58;;
31.05.2022;9;14;18;20;23;56;;
29.05.2022;29;36;38;46;47;51;;
26.05.2022;2;9;11;20;39;46;;
24.05.2022;16;22;40;46;47;60;;
22.05.2022;7;22;26;28;38;48;;
19.05.2022;23;25;31;34;50;59;;
17.05.2022;7;17;34;44;49;57;;
15.05.2022;2;10;37;38;39;48;;
12.05.2022;25;26;38;39;42;47;;
10.05.2022;31;35;51;52;55;57;;
8.05.2022;13;25;40;44;51;59;;
5.05.2022;2;8;16;26;46;57;;
3.05.2022;15;32;33;39;46;49;;
1.05.2022;15;22;33;39;54;55;;
28.04.2022;1;11;16;18;26;36;;
26.04.2022;7;16;31;34;38;42;;
24.04.2022;20;22;26;30;40;55;;
21.04.2022;5;7;15;16;45;58;;
19.04.2022;1;13;25;28;36;59;;
17.04.2022;7;11;26;28;40;57;;
14.04.2022;1;13;19;44;49;51;;
12.04.2022;10;36;37;54;56;57;;
10.04.2022;17;31;35;43;45;49;;
7.04.2022;11;12;30;44;48;49;;
5.04.2022;5;18;24;41;47;60;;
3.04.2022;7;8;10;14;34;40;;
31.03.2022;13;16;21;45;54;60;;
29.03.2022;22;30;33;43;44;48;;
27.03.2022;18;38;42;47;48;55;;
24.03.2022;3;11;15;17;38;54;;
22.03.2022;11;12;25;29;34;51;;
20.03.2022;1;26;29;30;39;54;;
17.03.2022;9;23;26;27;30;41;;
15.03.2022;6;23;25;45;51;58;;
13.03.2022;6;25;38;40;52;59;;
10.03.2022;19;37;39;47;52;55;;
8.03.2022;2;7;19;21;40;58;;
6.03.2022;9;15;16;28;43;58;;
3.03.2022;1;3;4;43;55;58;;
1.03.2022;5;9;10;16;31;47;;
27.02.2022;2;6;18;27;30;38;;
24.02.2022;11;31;32;41;44;58;;
22.02.2022;17;28;40;50;52;56;;
20.02.2022;11;26;30;36;38;55;;
15.02.2022;9;13;22;35;37;59;;
13.02.2022;14;19;38;47;52;53;;
10.02.2022;21;25;42;45;54;56;;
8.02.2022;26;28;35;40;48;57;;
6.02.2022;3;4;10;37;40;52;;
3.02.2022;14;16;19;37;43;53;;
1.02.2022;2;4;15;17;29;35;;
30.01.2022;4;13;15;36;37;57;;
27.01.2022;6;13;44;47;49;58;;
25.01.2022;11;13;25;31;38;56;;
23.01.2022;9;18;28;37;59;60;;
20.01.2022;3;8;10;44;52;55;;
18.01.2022;7;9;16;27;32;44;;
16.01.2022;1;6;16;36;50;59;;
13.01.2022;3;7;9;17;40;47;;
11.01.2022;9;12;16;17;35;59;;
9.01.2022;14;19;20;37;45;46;;
6.01.2022;7;11;22;25;33;53;;
4.01.2022;1;3;7;29;36;58;;
2.01.2022;41;43;46;47;48;51;;
17.02.2021;5;17;36;39;49;53;;
30.12.2021;6;11;33;35;47;58;;
28.12.2021;15;18;26;31;42;52;;
26.12.2021;12;15;35;39;40;51;;
23.12.2021;24;41;44;51;55;59;;
21.12.2021;9;21;31;36;37;53;;
19.12.2021;8;15;16;28;30;53;;
16.12.2021;24;44;48;55;57;58;;
14.12.2021;9;34;35;36;40;57;;
12.12.2021;17;19;37;51;55;59;;
9.12.2021;15;20;29;32;39;46;;
7.12.2021;20;27;29;32;44;48;;
5.12.2021;10;17;20;29;51;60;;
2.12.2021;12;23;27;40;49;55;;
30.11.2021;24;27;43;45;51;53;;
28.11.2021;21;24;41;48;49;54;;
25.11.2021;16;28;29;33;40;49;;
23.11.2021;7;14;27;39;46;58;;
21.11.2021;9;28;30;33;44;46;;
18.11.2021;9;19;20;42;54;59;;
16.11.2021;5;13;20;37;55;60;;
14.11.2021;13;26;28;33;47;58;;
11.11.2021;3;6;9;21;39;49;;
9.11.2021;1;5;7;12;29;37;;
7.11.2021;4;22;28;37;39;56;;
4.11.2021;3;18;37;44;56;60;;
2.11.2021;5;14;34;37;49;51;;
31.10.2021;5;32;34;44;48;50;;
28.10.2021;22;28;53;54;58;59;;
26.10.2021;1;8;22;30;36;56;;
24.10.2021;6;17;23;31;47;55;;
21.10.2021;23;25;34;35;36;55;;
19.10.2021;16;19;26;31;35;36;;
17.10.2021;8;37;42;43;56;57;;
14.10.2021;3;8;20;23;43;48;;
12.10.2021;9;15;17;18;32;43;;
10.10.2021;3;18;23;33;47;58;;
7.09.2021;7;17;23;41;44;47;;
5.10.2021;9;18;25;36;41;59;;
3.10.2021;7;19;24;27;47;58;;
30.09.2021;8;10;28;39;49;60;;
28.09.2021;15;26;27;37;51;58;;
26.09.2021;7;13;22;26;44;56;;
23.09.2021;3;15;20;45;56;58;;
21.09.2021;13;15;26;30;48;59;;
19.09.2021;5;17;27;38;47;52;;
16.09.2021;14;16;20;29;36;38;;
14.09.2021;7;14;18;31;43;47;;
12.09.2021;1;10;17;22;50;58;;
10.09.2021;11;18;26;34;42;60;;
7.09.2021;18;25;42;45;54;60;;
5.09.2021;5;16;36;37;50;51;;
2.09.2021;16;19;31;43;58;60;;
31.08.2021;5;21;35;36;55;57;;
29.08.2021;6;27;37;49;52;53;;
26.08.2021;2;22;26;37;44;49;;
24.08.2021;21;30;32;43;50;58;;
22.08.2021;34;46;48;50;52;56;;
19.08.2021;1;27;28;47;53;59;;
17.08.2021;5;8;21;31;57;60;;
15.08.2021;9;10;24;26;32;46;;
12.08.2021;5;25;26;27;45;52;;
10.08.2021;3;11;30;38;45;56;;
8.08.2021;3;9;21;27;42;60;;
5.08.2021;7;10;14;27;37;50;;
3.08.2021;7;16;22;24;49;56;;
1.08.2021;31;33;37;43;45;51;;
29.07.2021;6;10;20;21;24;45;;
27.07.2021;12;16;24;43;53;60;;
25.07.2021;4;18;26;27;30;56;;
22.07.2021;11;36;41;49;52;53;;
20.07.2021;11;20;30;40;44;52;;
18.07.2021;3;9;24;39;51;56;;
15.07.2021;7;9;14;21;38;47;;
13.07.2021;20;25;29;36;50;55;;
11.07.2021;9;15;22;42;58;59;;
8.07.2021;4;7;10;19;47;55;;
6.07.2021;21;22;28;47;48;54;;
4.07.2021;7;14;22;36;54;60;;
1.07.2021;7;16;26;31;38;55;;
29.06.2021;5;13;14;17;34;48;;
27.06.2021;3;8;39;44;52;58;;
24.06.2021;4;14;17;23;51;60;;
22.06.2021;19;20;27;28;48;50;;
20.06.2021;5;6;9;12;38;44;;
17.06.2021;1;13;37;39;48;58;;
15.06.2021;1;9;25;27;39;55;;
13.06.2021;11;12;14;41;50;54;;
10.06.2021;10;18;28;32;42;47;;
8.06.2021;8;24;39;53;57;59;;
6.06.2021;4;16;29;32;34;46;;
3.06.2021;5;24;43;50;54;58;;
1.06.2021;8;9;20;27;31;55;;
30.05.2021;20;25;35;45;46;47;;
27.05.2021;12;27;36;40;47;53;;
25.05.2021;16;23;24;35;37;57;;
23.05.2021;10;29;35;44;47;59;;
20.05.2021;1;22;25;35;41;43;;
18.05.2021;20;28;40;43;52;55;;
16.05.2021;1;3;4;5;28;58;;
13.05.2021;2;7;13;20;24;32;;
11.05.2021;9;21;28;40;50;59;;
9.05.2021;7;29;48;53;56;58;;
6.05.2021;5;12;37;42;44;60;;
4.05.2021;2;27;36;38;40;56;;
2.05.2021;10;39;44;57;58;59;;
29.04.2021;16;30;35;36;46;59;;
27.04.2021;12;16;31;33;36;59;;
25.04.2021;5;11;18;40;47;59;;
22.04.2021;34;37;41;46;56;58;;
20.04.2021;2;16;18;39;45;50;;
18.04.2021;3;7;12;23;49;59;;
15.04.2021;4;9;37;43;45;54;;
13.04.2021;10;39;44;46;48;49;;
11.04.2021;19;31;38;40;53;60;;
8.04.2021;11;14;27;35;48;58;;
6.04.2021;7;32;35;50;52;55;;
4.04.2021;2;15;42;44;48;56;;
1.04.2021;5;22;24;48;50;52;;
30.03.2021;5;21;22;24;44;55;;
28.03.2021;2;3;33;44;50;54;;
25.03.2021;4;6;11;31;42;46;;
23.03.2021;10;18;24;30;32;46;;
21.03.2021;4;6;39;42;43;45;;
18.03.2021;3;9;21;22;48;53;;
16.03.2021;13;21;32;45;57;58;;
14.03.2021;5;22;31;37;38;44;;
11.03.2021;13;30;36;40;43;49;;
9.03.2021;23;32;35;38;41;47;;
7.03.2021;10;17;28;35;42;59;;
4.03.2021;14;19;23;29;39;59;;
2.03.2021;13;35;41;42;48;58;;
28.02.2021;1;9;11;56;59;60;;
25.02.2021;8;11;22;37;40;60;;
23.02.2021;15;17;36;45;52;60;;
21.02.2021;1;10;19;29;49;55;;
18.02.2021;8;16;26;28;44;52;;
16.02.2021;1;8;12;40;52;56;;
14.02.2021;12;23;43;45;48;49;;
11.02.2021;6;15;20;25;54;59;;
9.02.2021;18;25;30;36;44;53;;
7.02.2021;18;26;38;53;57;59;;
4.02.2021;17;40;41;52;57;59;;
2.02.2021;1;9;11;12;23;40;;
30.01.2021;1;7;36;44;46;59;;
28.01.2021;20;22;24;38;45;53;;
26.01.2021;11;25;33;38;51;56;;
24.01.2021;9;11;13;26;29;32;;
21.01.2021;22;29;39;46;48;60;;
19.01.2021;8;11;15;23;25;42;;
17.01.2021;1;5;7;8;15;16;;
14.01.2021;15;22;38;41;45;51;;
12.01.2021;21;27;32;51;54;55;;
10.01.2021;10;24;27;33;35;40;;
7.01.2021;19;23;24;28;30;57;;
5.01.2021;2;9;14;35;39;49;;
3.01.2021;8;14;15;20;27;37;;
31.12.2020;4;18;23;26;36;56;;
29.12.2020;10;32;34;41;49;54;;
27.12.2020;9;20;24;26;28;52;;
24.12.2020;5;24;26;28;29;37;;
22.12.2020;2;7;20;29;37;41;;
20.12.2020;30;34;41;49;55;59;;
17.12.2020;3;5;31;38;41;58;;
15.12.2020;15;23;24;38;45;46;;
13.12.2020;8;26;28;36;38;42;;
10.12.2020;3;10;12;29;32;51;;
8.12.2020;5;9;13;14;20;53;;
6.12.2020;19;26;27;31;32;39;;
3.12.2020;2;12;19;29;42;60;;
1.12.2020;13;20;33;41;42;57;;
29.11.2020;3;7;36;49;50;52;;
16.11.2020;10;11;35;46;49;56;;
24.11.2020;13;16;36;38;43;48;;
22.11.2020;6;15;22;24;37;44;;
19.11.2020;6;10;29;53;54;55;;
17.11.2020;5;18;24;28;42;51;;
15.11.2020;2;7;14;21;25;42;;
12.11.2020;2;20;41;42;58;60;;
10.11.2020;10;14;20;35;48;60;;
8.11.2020;3;19;39;41;47;53;;
5.11.2020;10;23;39;40;54;56;;
3.11.2020;10;11;12;21;25;49;;
1.11.2020;23;29;37;38;42;43;;
29.10.2020;14;33;40;48;49;60;;
27.10.2020;21;26;31;35;50;58;;
25.10.2020;1;30;38;42;47;52;;
22.10.2020;2;4;15;28;36;52;;
20.10.2020;6;16;30;36;46;58;;
18.10.2020;1;13;18;23;36;53;;
15.10.2020;1;30;31;42;47;59;;
13.10.2020;11;16;22;31;37;52;;
11.10.2020;11;29;38;39;41;57;;
8.10.2020;1;10;21;25;42;48;;
6.10.2020;1;4;20;21;25;29;;
4.10.2020;16;23;29;40;46;51;;
1.10.2020;4;10;33;39;51;54;;
29.09.2020;1;14;20;31;46;50;;
27.09.2020;5;7;8;35;37;44;;
24.09.2020;3;14;20;21;40;55;;
22.09.2020;3;8;33;37;38;44;;
20.09.2020;3;4;7;10;44;47;;
17.09.2020;7;19;37;45;48;53;;
15.09.2020;7;8;24;33;45;46;;
13.09.2020;5;11;26;40;51;53;;
10.09.2020;6;17;26;27;40;48;;
8.08.2020;23;27;30;36;49;54;;
6.09.2020;12;16;28;31;37;43;;
3.09.2020;5;8;10;11;24;31;;
1.09.2020;21;22;28;32;47;50;;
30.08.2020;5;8;19;20;23;43;;
27.08.2020;6;10;31;43;52;59;;
25.08.2020;3;5;6;10;48;60;;
23.08.2020;13;16;35;37;54;56;;
20.08.2020;1;16;21;25;27;33;;
18.08.2020;10;15;17;24;26;32;;
16.08.2020;2;6;17;37;50;53;;
13.08.2020;13;26;29;33;35;50;;
11.08.2020;1;9;14;40;48;58;;
9.08.2020;4;6;14;22;38;58;;
6.08.2020;9;20;21;25;38;53;;
4.08.2020;17;19;32;37;41;54;;
2.08.2020;9;16;18;44;47;51;;
30.07.2020;5;11;31;40;45;53;;
23.07.2020;8;10;15;16;17;47;;
16.07.2020;2;12;19;22;33;38;;
9.07.2020;1;2;12;20;28;35;;
2.07.2020;1;9;17;21;36;39;;
25.06.2020;11;16;18;35;39;43;;
18.06.2020;7;8;20;37;43;46;;
11.06.2020;2;9;15;19;29;51;;
4.06.2020;2;24;28;35;44;48;;
28.05.2020;3;16;26;34;38;43;;
21.05.2020;7;11;23;37;41;48;;
14.05.2020;3;7;24;38;40;46;;
7.05.2020;12;15;28;29;37;42;;
30.04.2020;3;6;7;8;46;47;;
23.04.2020;9;17;19;20;38;52;;
16.04.2020;18;40;44;50;52;54;;
9.04.2020;14;24;25;26;32;47;;
2.04.2020;1;8;40;43;44;46;;
26.03.2020;5;6;10;33;35;47;;
19.03.2020;12;17;19;35;44;49;;
12.03.2020;5;24;25;26;32;49;;
5.03.2020;20;22;28;37;47;54;;
27.02.2020;15;18;29;32;41;42;;
20.02.2020;16;24;25;30;39;42;;
13.02.2020;11;13;20;27;38;44;;
6.02.2020;15;24;33;36;38;49;;
30.01.2020;4;10;12;20;29;44;;
23.01.2020;19;23;26;38;46;47;;
16.01.2020;3;26;30;33;36;49;;
9.01.2020;13;14;26;41;46;48;;
2.01.2020;13;14;32;35;38;41;;
26.12.2019;3;31;37;43;51;53;;
19.12.2019;2;9;15;36;44;52;;
12.12.2019;5;14;26;30;36;44;;
5.12.2019;20;26;27;32;35;53;;
28.11.2019;3;8;27;38;46;47;;
21.11.2019;21;25;28;40;44;49;;
14.11.2019;6;11;15;30;48;54;;
7.11.2019;3;6;16;19;28;45;;
31.10.2019;6;22;24;28;34;46;;
24.10.2019;1;4;11;15;17;31;;
17.10.2019;5;8;11;20;23;24;;
10.10.2019;5;12;18;43;46;49;;
3.10.2019;3;14;18;34;46;47;;
26.09.2019;2;6;8;41;46;50;;
19.09.2019;7;15;19;20;49;54;;
12.09.2019;7;22;38;39;53;54;;
5.09.2019;2;24;26;28;46;51;;
29.08.2019;3;8;13;21;42;45;;
22.08.2019;10;17;36;37;53;54;;
15.08.2019;1;8;9;11;24;30;;
8.08.2019;1;8;10;29;44;54;;
1.08.2019;13;24;26;40;50;53;;
25.07.2019;28;31;32;37;44;51;;
18.07.2019;2;30;36;43;47;52;;
11.07.2019;22;27;31;34;38;52;;
4.07.2019;11;14;21;25;43;48;;
27.06.2019;12;32;34;44;46;50;;
20.06.2019;5;21;33;38;42;49;;
13.06.2019;14;18;20;38;41;50;;
6.06.2019;5;10;12;20;26;49;;
30.05.2019;6;12;33;39;45;48;;
23.05.2019;10;27;31;34;36;47;;
16.05.2019;5;6;18;37;48;53;;
9.05.2019;2;22;25;27;35;44;;
2.05.2019;2;13;36;38;45;46;;
25.04.2019;1;32;42;43;44;51;;
18.04.2019;11;18;33;36;37;52;;
11.04.2019;9;11;12;14;17;51;;
4.04.2019;7;15;22;37;38;45;;
28.03.2019;11;27;46;49;51;53;;
21.03.2019;7;19;47;49;52;53;;
14.03.2019;4;32;41;42;43;53;;
7.03.2019;6;15;24;29;39;44;;
28.02.2019;10;11;22;24;42;43;;
21.02.2019;2;6;15;19;22;50;;
14.02.2019;10;26;28;32;34;40;;
7.02.2019;14;16;31;36;37;45;;
31.01.2019;10;13;30;31;48;50;;
24.01.2019;4;21;25;38;48;50;;
17.01.2019;1;2;38;40;42;52;;
10.01.2019;3;10;39;44;46;49;;
3.01.2019;2;5;27;36;40;51;;
27.12.2018;16;24;38;39;44;48;;
20.12.2018;7;13;21;28;37;54;;
13.12.2018;27;37;39;45;47;51;;
6.12.2018;6;17;28;34;47;53;;
29.11.2018;2;13;22;38;48;53;;
22.11.2018;1;4;24;39;47;51;;
15.11.2018;31;34;37;39;48;50;;
8.11.2018;5;6;10;16;17;27;;
1.11.2018;1;3;13;20;23;42;;
25.10.2018;10;18;22;26;28;32;;
18.10.2018;4;16;25;28;36;39;;
11.10.2018;7;13;24;35;39;44;;
4.10.2018;5;12;25;43;51;52;;
27.09.2018;11;18;24;41;45;54;;
20.09.2018;13;17;35;36;41;46;;
13.09.2018;12;17;21;40;41;43;;
6.09.2018;8;18;20;43;45;51;;
30.08.2018;8;19;31;39;42;47;;
23.08.2018;2;6;20;26;42;54;;
16.08.2018;9;11;12;35;49;52;;
9.08.2018;13;21;28;47;49;54;;
2.08.2018;1;7;27;28;39;51;;
26.07.2018;16;20;39;45;50;52;;
19.07.2018;19;20;27;31;37;53;;
12.07.2018;4;12;16;30;38;48;;
5.07.2018;2;6;8;25;31;44;;
28.06.2018;7;10;11;20;42;47;;
21.06.2018;2;10;17;25;37;52;;
14.06.2018;8;9;11;22;26;43;;
7.06.2018;3;13;23;35;37;46;;
31.05.2018;7;10;19;37;42;47;;
24.05.2018;6;11;34;40;49;50;;
17.05.2018;7;12;27;30;49;53;;
10.05.2018;2;6;8;9;39;53;;
3.05.2018;24;26;42;43;44;50;;
26.04.2018;8;18;19;30;33;45;;
19.04.2018;1;12;28;30;39;45;;
12.04.2018;5;25;29;36;47;51;;
5.04.2018;13;14;22;39;40;49;;
29.03.2018;7;8;15;16;23;24;;
22.03.2018;3;7;8;38;49;53;;
15.03.2018;5;20;22;31;40;47;;
8.03.2018;4;11;18;29;36;49;;
1.03.2018;1;8;12;42;49;53;;
22.02.2018;4;17;22;27;43;47;;
15.02.2018;6;7;19;40;53;54;;
8.02.2018;3;17;21;27;28;43;;
1.02.2018;18;20;30;46;48;49;;
25.01.2018;5;12;15;17;20;40;;
18.01.2018;11;17;20;29;36;51;;
11.01.2018;4;23;27;36;51;54;;
4.01.2018;3;15;20;30;40;52;;
28.12.2017;7;20;33;39;40;48;;
21.12.2017;4;7;27;35;36;40;;
14.12.2017;5;10;19;20;38;39;;
7.12.2017;1;6;9;11;45;49;;
30.11.2017;1;23;33;36;47;54;;
23.11.2017;4;10;13;20;33;39;;
16.11.2017;12;14;24;30;31;45;;
9.11.2017;7;13;29;34;38;52;;
2.11.2017;4;15;26;34;35;36;;
26.10.2017;8;13;16;27;31;46;;
19.10.2017;3;12;17;28;47;48;;
12.10.2017;6;13;28;33;44;48;;
5.10.2017;11;18;29;40;46;52;;
28.09.2017;2;3;5;22;24;25;;
21.09.2017;6;8;9;17;25;38;;
14.09.2017;12;15;20;25;30;53;;
7.09.2017;1;35;37;40;44;52;;
31.08.2017;4;9;26;30;37;50;;
24.08.2017;12;17;18;37;45;46;;
17.08.2017;20;23;38;42;48;50;;
10.08.2017;4;10;38;41;43;49;;
3.08.2017;10;13;24;29;43;50;;
27.07.2017;2;3;7;8;19;27;;
20.07.2017;2;3;27;51;53;54;;
13.07.2017;24;27;28;36;39;40;;
6.07.2017;2;5;24;39;45;49;;
29.06.2017;4;20;21;32;43;47;;
22.06.2017;3;5;20;37;44;48;;
15.06.2017;9;13;17;23;48;51;;
8.06.2017;10;27;36;38;51;53;;
1.06.2017;3;16;19;31;33;37;;
25.05.2017;1;3;13;16;23;45;;
18.05.2017;5;6;11;15;41;47;;
11.05.2017;7;14;35;41;46;47;;
4.05.2017;8;15;16;25;44;51;;
27.04.2017;4;6;18;25;34;37;;
20.04.2017;3;6;22;24;33;37;;
13.04.2017;4;11;30;41;47;51;;
6.04.2017;4;8;14;16;32;49;;
30.03.2017;2;3;35;38;40;54;;
23.03.2017;10;13;18;38;41;52;;
16.03.2017;1;7;19;40;42;51;;
9.03.2017;14;18;21;32;48;54;;
2.03.2017;4;13;25;27;29;33;;
23.02.2017;5;19;20;29;36;40;;
16.02.2017;6;10;28;29;47;53;;
9.02.2017;20;23;27;29;40;48;;
2.02.2017;14;17;18;43;47;49;;
26.01.2017;6;14;24;36;48;53;;
19.01.2017;1;7;27;32;50;51;;
12.01.2017;8;13;15;21;22;46;;
5.01.2017;8;14;19;25;27;31;;
29.12.2016;13;16;20;27;32;53;;
22.12.2016;19;25;41;48;51;54;;
15.12.2016;1;10;13;18;20;50;;
8.12.2016;4;6;19;23;38;54;;
1.12.2016;10;18;23;34;36;50;;
24.11.2016;4;14;21;30;51;52;;
17.11.2016;2;5;13;16;28;51;;
10.11.2016;6;22;23;29;35;42;;
3.11.2016;10;15;23;39;42;48;;
27.10.2016;7;10;14;28;42;44;;
20.10.2016;5;10;11;25;27;40;;
13.10.2016;6;19;36;42;48;53;;
6.10.2016;20;21;22;23;34;42;;
29.09.2016;37;38;39;42;43;47;;
22.09.2016;4;20;33;36;38;40;;
15.09.2016;2;16;26;28;40;42;;
8.09.2016;3;12;14;17;39;46;;
1.09.2016;4;8;16;17;24;51;;
25.08.2016;11;17;18;28;29;41;;
18.08.2016;3;18;23;39;47;51;;
11.08.2016;4;8;11;18;22;41;;
4.08.2016;24;25;30;37;52;54;;
28.07.2016;9;23;40;48;49;51;;
21.07.2016;2;6;13;18;22;49;;
14.07.2016;1;12;14;42;44;47;;
7.07.2016;4;7;29;31;39;43;;
30.06.2016;1;6;8;9;22;35;;
23.06.2016;12;19;30;44;47;48;;
16.06.2016;10;11;18;51;52;53;;
9.06.2016;3;9;21;22;53;54;;
2.06.2016;17;28;29;37;39;40;;
26.05.2016;5;7;8;29;46;54;;
19.05.2016;15;20;21;23;43;44;;
12.05.2016;16;23;37;38;47;53;;
5.05.2016;2;3;24;37;38;45;;
28.04.2016;17;26;33;37;39;47;;
21.04.2016;3;6;11;28;30;33;;
14.04.2016;4;6;19;31;35;46;;
7.04.2016;9;20;23;27;29;37;;
31.03.2016;2;6;18;36;46;53;;
24.03.2016;17;20;32;34;50;53;;
17.03.2016;5;25;30;32;36;40;;
10.03.2016;11;30;38;45;47;48;;
3.03.2016;1;3;22;37;39;45;;
25.02.2016;1;18;33;39;44;53;;
18.02.2016;2;3;11;34;40;43;;
11.02.2016;18;27;33;38;43;53;;
4.02.2016;10;12;15;18;29;47;;
28.01.2016;4;9;13;14;29;49;;
21.01.2016;8;17;18;49;50;53;;
14.01.2016;1;7;10;14;20;27;;
7.01.2016;8;9;42;43;45;53;;
